brand,model,image_url
Tecnifibre,T-FIGHT 305S 2025,/racket-images/tecnifibre-t-fight-305s-2025.webp
Volkl,V-Cell 5,/racket-images/volkl-v-cell-5.webp
Prince,O3 Phantom 100X 2025,/racket-images/prince-o3-phantom-100x-2025.webp
Wilson,Pro Staff 97,/racket-images/wilson-pro-staff-97.webp
Wilson,Blade 98 16x19,/racket-images/wilson-blade-98-16x19.webp
Wilson,Clash 100 v3,/racket-images/wilson-clash-100-v3.webp
Babolat,Pure Aero 2026,/racket-images/babolat-pure-aero-2026.webp
Babolat,Pure Drive 2025,/racket-images/babolat-pure-drive-2025.webp
Babolat,Pure Strike 98 16x19,/racket-images/babolat-pure-strike-98-16x19.webp
Head,Speed MP,/racket-images/head-speed-mp.mebp
Head,Radical MP,/racket-images/head-radical-mp.webp
Head,Gravity MP 2025,/racket-images/head-gravity-mp-2025.webp
Yonex,EZONE 100 2025,/racket-images/yonex-ezone-100-2025.webp
Yonex,VCORE 98,/racket-images/yonex-vcore-98.webp
Dunlop,SX 300,/racket-images/dunlop-sx-300.webp
Dunlop,CX 200,/racket-images/dunlop-cx-200.webp
Tecnifibre,T-FIGHT 270,/racket-images/tecnifibre-t-fight-270.webp
Prince,Phantom 100P,/racket-images/prince-phantom-100p.webp
Volkl,V-Cell 10,/racket-images/volkl-v-cell-10.webp
Head,Speed Pro,/racket-images/head-speed-pro.webp
Wilson,Ultra 100 v5,/racket-images/wilson-ultra-100-v5.webp
Yonex,Percept 98,/racket-images/yonex-percept-98.webp
Tecnifibre,T-FIGHT 305,/racket-images/tecnifibre-t-fight-305.webp
Babolat,Pure Aero Rafa Origin,/racket-images/babolat-pure-aero-rafa-origin.webp
Prince,Tour 100,/racket-images/prince-tour-100.webp
Dunlop,FX 500 2025,/racket-images/dunlop-fx-500-2025.webp
Volkl,V-Cell 6,/racket-images/volkl-v-cell-6.webp
Wilson,Defyer 100,/racket-images/wilson-defyer-100.webp
Wilson,Blade 100 v10,/racket-images/wilson-blade-100-v10.webp
Head,Extreme MP 2026,/racket-images/head-extreme-mp-2026.webp
Yonex,VCORE 100 8th Gen,/racket-images/yonex-vcore-100-8th-gen.webp
Babolat,Pure Drive 98 2025,/racket-images/babolat-pure-drive-98-2025.webp
Wilson,Defyer 100L,/racket-images/wilson-defyer-100l.webp
Wilson,Defyer 100UL,/racket-images/wilson-defyer-100ul.webp
Prince,O3 Legacy 120 2024,/racket-images/prince-o3-legacy-120-2024.webp
Prince,O3 Legacy 110,/racket-images/prince-o3-legacy-110.webp
Head,Titanium Ti.S6,/racket-images/head-titanium-ti-s6.webp
Wilson,Hyper Hammer 5.3 Stretch OS,/racket-images/wilson-hyper-hammer-5-3-stretch-os.webp
Gamma,RZR Bubba 117,/racket-images/gamma-rzr-bubba-117.webp
